{
	"generator_info": "Shape definitions generated with PhysicsEditor. Visit https://www.codeandweb.com/physicseditor",
	"water_wheel": {
		"type": "fromPhysicsEditor",
		"label": "water_wheel",
		"isStatic": false,
		"density": 0.1,
		"restitution": 0,
		"friction": 0.1,
		"frictionAir": 0.01,
		"frictionStatic": 0.5,
		"collisionFilter": {
			"group": 0,
			"category": 1,
			"mask": 255
		},
		"fixtures": [
			{
				"label": "",
				"isSensor": false,
				"vertices": [
					[ { "x":57, "y":426 }, { "x":62, "y":426 }, { "x":148, "y":392 }, { "x":180, "y":336 }, { "x":45, "y":393 }, { "x":54, "y":421 } ],
					[ { "x":988, "y":172 }, { "x":987, "y":269 }, { "x":1026, "y":318 }, { "x":1026, "y":172 } ],
					[ { "x":1046, "y":989 }, { "x":950, "y":987 }, { "x":901, "y":1026 }, { "x":1046, "y":1026 } ],
					[ { "x":229, "y":1047 }, { "x":230, "y":950 }, { "x":192, "y":901 }, { "x":192, "y":1047 } ],
					[ { "x":171, "y":231 }, { "x":268, "y":232 }, { "x":315, "y":194 }, { "x":169, "y":196 } ],
					[ { "x":1173, "y":826 }, { "x":1161, "y":794 }, { "x":1154, "y":794 }, { "x":1069, "y":829 }, { "x":1041, "y":881 } ],
					[ { "x":392, "y":1173 }, { "x":423, "y":1162 }, { "x":425, "y":1156 }, { "x":390, "y":1074 }, { "x":335, "y":1038 } ],
					[ { "x":855, "y":1160 }, { "x":868, "y":1131 }, { "x":863, "y":1124 }, { "x":779, "y":1089 }, { "x":722, "y":1106 } ],
					[ { "x":58, "y":854 }, { "x":86, "y":868 }, { "x":94, "y":864 }, { "x":128, "y":779 }, { "x":112, "y":718 } ],
					[ { "x":826, "y":46 }, { "x":798, "y":55 }, { "x":793, "y":63 }, { "x":829, "y":150 }, { "x":880, "y":176 } ],
					[ { "x":570, "y":27 }, { "x":572, "y":35 }, { "x":638, "y":101 }, { "x":596, "y":5 }, { "x":592, "y":5 } ],
					[ { "x":25, "y":649 }, { "x":33, "y":648 }, { "x":101, "y":580 }, { "x":106, "y":521 }, { "x":4, "y":623 }, { "x":5, "y":629 } ],
					[ { "x":1191, "y":570 }, { "x":1185, "y":571 }, { "x":1117, "y":639 }, { "x":1111, "y":699 }, { "x":1213, "y":597 }, { "x":1213, "y":592 } ],
					[ { "x":360, "y":62 }, { "x":350, "y":86 }, { "x":351, "y":93 }, { "x":438, "y":129 }, { "x":494, "y":113 }, { "x":366, "y":59 } ],
					[ { "x":1159, "y":363 }, { "x":1132, "y":351 }, { "x":1126, "y":352 }, { "x":1088, "y":438 }, { "x":1107, "y":493 }, { "x":1160, "y":368 } ],
					[ { "x":648, "y":1192 }, { "x":648, "y":1186 }, { "x":580, "y":1118 }, { "x":519, "y":1111 }, { "x":621, "y":1213 }, { "x":625, "y":1213 } ],
					[ { "x":372, "y":158 }, { "x":315, "y":194 }, { "x":268, "y":232 }, { "x":121, "y":462 }, { "x":106, "y":521 }, { "x":101, "y":580 }, { "x":335, "y":1038 }, { "x":436, "y":131 } ],
					[ { "x":765, "y":124 }, { "x":700, "y":109 }, { "x":1117, "y":639 }, { "x":1116, "y":569 }, { "x":1088, "y":438 }, { "x":987, "y":269 }, { "x":945, "y":226 }, { "x":829, "y":150 } ],
					[ { "x":880, "y":176 }, { "x":829, "y":150 }, { "x":945, "y":226 } ],
					[ { "x":214, "y":287 }, { "x":180, "y":336 }, { "x":148, "y":392 }, { "x":121, "y":462 }, { "x":268, "y":232 } ],
					[ { "x":1058, "y":368 }, { "x":1026, "y":318 }, { "x":987, "y":269 }, { "x":1088, "y":438 } ],
					[ { "x":457, "y":1096 }, { "x":519, "y":1111 }, { "x":580, "y":1118 }, { "x":1041, "y":881 }, { "x":1069, "y":829 }, { "x":638, "y":101 }, { "x":436, "y":131 }, { "x":391, "y":1069 } ],
					[ { "x":851, "y":1058 }, { "x":901, "y":1026 }, { "x":950, "y":987 }, { "x":991, "y":947 }, { "x":1041, "y":881 }, { "x":580, "y":1118 }, { "x":722, "y":1106 }, { "x":779, "y":1089 } ],
					[ { "x":285, "y":1003 }, { "x":335, "y":1038 }, { "x":101, "y":580 }, { "x":112, "y":718 }, { "x":128, "y":779 }, { "x":158, "y":847 }, { "x":192, "y":901 }, { "x":230, "y":950 } ],
					[ { "x":102, "y":650 }, { "x":112, "y":718 }, { "x":101, "y":580 } ],
					[ { "x":494, "y":113 }, { "x":438, "y":129 }, { "x":436, "y":131 }, { "x":638, "y":101 }, { "x":561, "y":103 } ],
					[ { "x":1097, "y":757 }, { "x":1111, "y":699 }, { "x":1117, "y":639 }, { "x":700, "y":109 }, { "x":596, "y":5 }, { "x":638, "y":101 }, { "x":1069, "y":829 } ],
					[ { "x":654, "y":1116 }, { "x":722, "y":1106 }, { "x":580, "y":1118 } ],
					[ { "x":1107, "y":493 }, { "x":1088, "y":438 }, { "x":1116, "y":569 } ],
					[ { "x":390, "y":1074 }, { "x":391, "y":1069 }, { "x":436, "y":131 }, { "x":335, "y":1038 } ]
				]
			}
		]
	},
	"gear": {
		"type": "fromPhysicsEditor",
		"label": "gear",
		"isStatic": false,
		"density": 0.10000000149011612,
		"restitution": 0,
		"friction": 0.10000000149011612,
		"frictionAir": 0.009999999776482582,
		"frictionStatic": 0.5,
		"collisionFilter": {
			"group": 0,
			"category": 1,
			"mask": 255
		},
		"fixtures": [
			{
				"label": "",
				"isSensor": false,
				"vertices": [
					[ { "x":322, "y":16 }, { "x":249, "y":18 }, { "x":227, "y":87 }, { "x":342, "y":85 } ],
					[ { "x":506, "y":122 }, { "x":436, "y":139 }, { "x":541, "y":182 } ],
					[ { "x":248, "y":567 }, { "x":324, "y":567 }, { "x":346, "y":497 }, { "x":228, "y":498 } ],
					[ { "x":507, "y":462 }, { "x":541, "y":402 }, { "x":435, "y":445 } ],
					[ { "x":64, "y":461 }, { "x":132, "y":445 }, { "x":76, "y":349 }, { "x":30, "y":396 }, { "x":31, "y":404 } ],
					[ { "x":65, "y":123 }, { "x":30, "y":182 }, { "x":135, "y":139 } ],
					[ { "x":547, "y":409 }, { "x":547, "y":392 }, { "x":543, "y":396 }, { "x":541, "y":402 } ],
					[ { "x":547, "y":175 }, { "x":541, "y":182 }, { "x":540, "y":189 }, { "x":547, "y":193 } ],
					[ { "x":543, "y":396 }, { "x":540, "y":394 }, { "x":541, "y":402 } ],
					[ { "x":182, "y":480 }, { "x":228, "y":498 }, { "x":346, "y":497 }, { "x":390, "y":480 }, { "x":435, "y":445 }, { "x":141, "y":448 } ],
					[ { "x":501, "y":294 }, { "x":494, "y":245 }, { "x":141, "y":448 }, { "x":494, "y":348 } ],
					[ { "x":71, "y":291 }, { "x":78, "y":339 }, { "x":132, "y":445 }, { "x":141, "y":448 }, { "x":494, "y":245 }, { "x":495, "y":236 }, { "x":78, "y":236 } ],
					[ { "x":342, "y":85 }, { "x":227, "y":87 }, { "x":183, "y":104 }, { "x":135, "y":139 }, { "x":436, "y":139 }, { "x":389, "y":104 } ],
					[ { "x":135, "y":139 }, { "x":30, "y":182 }, { "x":32, "y":189 }, { "x":78, "y":236 }, { "x":495, "y":236 }, { "x":540, "y":189 }, { "x":541, "y":182 }, { "x":436, "y":139 } ],
					[ { "x":435, "y":445 }, { "x":541, "y":402 }, { "x":540, "y":394 }, { "x":494, "y":348 }, { "x":141, "y":448 } ],
					[ { "x":76, "y":349 }, { "x":132, "y":445 }, { "x":78, "y":339 } ]
				]
			}
		]
	}
}
